,modelname,manufacturer,category,programurl
0,Micromill CNC Milling Machine,Denford,CNC & Robotics,https://tech-labs.com/products/micromill-cnc-milling-machine
1,Microturn CNC Lathe,Denford,CNC & Robotics,https://tech-labs.com/products/denford-microturn
2,"MRC 40 Router, Miller & Engraver",Denford,CNC & Robotics,https://tech-labs.com/products/mrc-40-router-miller-engraver
3,Router 2600 / Router 2600 Pro,Denford,CNC & Robotics,https://tech-labs.com/products/denford-router-2600-router-2600-pro
4,Router 6600 / Router 6600 Pro,Denford,CNC & Robotics,https://tech-labs.com/products/denford-router-6600-router-6600-pro
5,Router Compact 1000 Pro,Denford,CNC & Robotics,https://tech-labs.com/products/denford-compact-1000-pro
6,Turn 270 Pro CNC Lathe,Denford,CNC & Robotics,https://tech-labs.com/products/denford-turn-270-pro-cnc-lathe
7,Turn 370 Pro CNC Lathe,Denford,CNC & Robotics,https://tech-labs.com/products/denford-turn-370-pro-cnc-lathe
8,Vertical Router,Denford,CNC & Robotics,https://tech-labs.com/products/denford-vertical-router
9,VMC 1300/PRO CNC Milling Machine,Denford,CNC & Robotics,https://tech-labs.com/products/vmc-1300pro-cnc-milling-machine
10,Heavy Equipment Training Simulators,Oiltec Solutions,Simulators,https://tech-labs.com/products/heavy-equipment-simulators
11,SimSpray Paint Simulation,Denford,CNC & Robotics,https://tech-labs.com/products/paint-simulation
12,Portable Learning Systems,EduSmart,Science and STEM Resources,https://tech-labs.com/products/portable-learning-systems-0
13,Port Crane Simulators,EduSmart,Science and STEM Resources,https://tech-labs.com/products/port-crane-simulators-0
14,Robotics,EduSmart,Science and STEM Resources,https://tech-labs.com/products/robotics
15,PCB Engraver,FANUC America,Advanced Manufacturing,https://tech-labs.com/products/denford-pcb-engraver
16,EduSmart Elementary Science,APT Manufacturing Solutions,Advanced Manufacturing,https://tech-labs.com/products/edusmart-elementary-science
17,EduSmart High School Science,APT Manufacturing Solutions,Advanced Manufacturing,https://tech-labs.com/products/edusmart-high-school-science
18,EduSmart Middle School Science,FANUC America,Advanced Manufacturing,https://tech-labs.com/products/edusmart-middle-school-science
19,FANUC CRX Series Collaborative Robot,FANUC America,CNC & Robotics,https://tech-labs.com/products/fanuc-crx-series-collaborative-robot
20,Weld CERT Cart,FANUC America,Advanced Manufacturing,https://tech-labs.com/products/weld-cert-cart
21,CSM Manufacturing,FANUC America,Robotics,https://tech-labs.com/products/csm-manufacturing
22,FANUC CERT Education M-1iA Cart,FANUC America,Robotics,https://tech-labs.com/products/fanuc-cert-education-m-1ia-cart
23,Fanuc CNC Certified Education Training Program,FANUC America,Robotics,https://tech-labs.com/products/fanuc-cnc-certified-education-training-program
24,FANUC CNC Simulator,FANUC America,Advanced Manufacturing,https://tech-labs.com/products/fanuc-cnc-simulator
25,FANUC CR-35iA,FANUC America,Robotics,https://tech-labs.com/products/fanuc-cr-35ia
26,FANUC CR-4iA,FANUC America,Advanced Manufacturing,https://tech-labs.com/products/fanuc-cr-4ia
27,FANUC CR-7iA,FANUC America,Advanced Manufacturing,https://tech-labs.com/products/fanuc-cr-7ia
28,FANUC Fenceless CR-4iA Collaborative Cert Cart,FANUC America,Advanced Manufacturing,https://tech-labs.com/products/fanuc-fenceless-cr-4ia-collaborative-cert-cart
29,FANUC SCARA SR Series Robots,APT Manufacturing Solutions,Advanced Manufacturing,https://tech-labs.com/products/fanuc-scara-sr-series-robots
30,Levil LMT-300 CNC Mill-Turn,FANUC America,CNC & Robotics,https://tech-labs.com/products/levil-lmt-300-cnc-mill-turn
31,Levil LTC-30 Series,FANUC America,CNC & Robotics,https://tech-labs.com/products/levil-ltc-30-series
32,Robot Loaded Machining Center,FANUC America,Advanced Manufacturing,https://tech-labs.com/products/robot-loaded-machining-center
33,Advanced Manufacturing CERT M20 Cell,FANUC America,Advanced Manufacturing,https://tech-labs.com/products/advanced-manufacturing-cert-m20-cell
34,Doosan DEM 4000 Mill,FANUC America,CNC & Robotics,https://tech-labs.com/products/doosan-dem-4000-mill
35,Doosan LEO 1600 Lathe,FANUC America,Robotics,https://tech-labs.com/products/doosan-leo-1600-lathe
36,EDUMiLL,FANUC America,Advanced Manufacturing,https://tech-labs.com/products/edumill
37,FANUC CERT Cart - LR MATE 200iD,FANUC America,Automation,https://tech-labs.com/products/fanuc-cert-cart-lr-mate-200id
38,Fanuc Certified Robot Training,FANUC America,CNC & Robotics,https://tech-labs.com/products/fanuc-certified-robot-training
39,FANUC CR-7iA/L,Amatrol,Automation,https://tech-labs.com/products/fanuc-cr-7ial
40,FANUC Educational Package,FANUC America,Advanced Manufacturing,https://tech-labs.com/products/fanuc-educational-package
41,Fanuc LR Mate 200 i D/4S Fenceless Cart,APT Manufacturing Solutions,Advanced Manufacturing,https://tech-labs.com/products/fanuc-lr-mate-200-i-d4s-fenceless-cart
42,Fanuc ROBODRILL Certified Education Packages,APT Manufacturing Solutions,Advanced Manufacturing,https://tech-labs.com/products/fanuc-robodrill-certified-education-packages
43,Fanuc Robot Integration Package,APT Manufacturing Solutions,Advanced Manufacturing,https://tech-labs.com/products/fanuc-robot-integration-package
44,Levil LMV-F400 Milling Machine,FANUC America,Advanced Manufacturing,https://tech-labs.com/products/levil-lmv-f400-milling-machine
45,Machine Tending Education Cell,iConnect Training,HVAC Training,https://tech-labs.com/products/machine-tending-education-cell
46,Machine Tending Education Cell with CNC Simulator,iConnect Training,HVAC Training,https://tech-labs.com/products/machine-tending-education-cell-cnc-simulator
47,PLC HMI Trainer,iConnect Training,HVAC Training,https://tech-labs.com/products/plc-hmi-trainer
48,ClassMate™ Robotic Welding Trainer,iConnect Training,HVAC Training,https://tech-labs.com/products/classmate%E2%84%A2-robotic-welding-trainer
49,Basic Refrigeration Fundamentals,iConnect Training,HVAC Training,https://tech-labs.com/products/basic-refrigeration-fundamentals
50,Basic Refrigeration Training Unit with Water Cooled Condenser,iConnect Training,HVAC Training,https://tech-labs.com/products/basic-refrigeration-training-unit-water-cooled-condenser
51,Combination Forced Air & Hydronic Heating Trainer,iConnect Training,HVAC Training,https://tech-labs.com/products/combination-forced-air-hydronic-heating-trainer
52,Commercial Refrigeration Trainer,iConnect Training,HVAC Training,https://tech-labs.com/products/commercial-refrigeration-trainer
53,Dual-Application Commercial Refrigeration Trainer,iConnect Training,HVAC Training,https://tech-labs.com/products/dual-application-commercial-refrigeration-trainer
54,Electric Heating Control Board Trainer,Amatrol,HVAC Training,https://tech-labs.com/products/electric-heating-control-board-trainer
55,Gas Fired Heating Control Board,iConnect Training,HVAC Training,https://tech-labs.com/products/gas-fired-heating-control-board
56,Industrial Refrigeration Trainer,iConnect Training,HVAC Training,https://tech-labs.com/products/industrial-refrigeration-trainer
57,"Motors, Controls & Circuits Build-Up Trainer",Amatrol,HVAC Training,https://tech-labs.com/products/motors-controls-circuits-build-trainer
58,Refrigerant Recovery and Charging Learning Systems for R-410a,iConnect Training,HVAC Training,https://tech-labs.com/products/refrigerant-recovery-and-charging-learning-systems-r-410a
59,Residential A/C and Heat Pump Equipment Package,iConnect Training,HVAC Training,https://tech-labs.com/products/residential-ac-and-heat-pump-equipment-package
60,Residential Air Conditioning,DAC Worldwide,HVAC Training,https://tech-labs.com/products/residential-air-conditioning
61,Residential Mini-Split Heat Pump Learning System,DAC Worldwide,HVAC Training,https://tech-labs.com/products/residential-mini-split-heat-pump-learning-system
62,Residential Wiring Demonstrator,DAC Worldwide,HVAC Training,https://tech-labs.com/products/residential-wiring-demonstrator
63,Residential Wiring Trainer,DAC Worldwide,HVAC Training,https://tech-labs.com/products/residential-wiring-trainer
64,ACR Liquid Line Filter/Drier Cutaway,DAC Worldwide,HVAC Training,https://tech-labs.com/products/acr-liquid-line-filterdrier-cutaway
65,"ACR Liquid Line Filter/Drier Cutaway, Bi-Directional",DAC Worldwide,HVAC Training,https://tech-labs.com/products/acr-liquid-line-filterdrier-cutaway-bi-directional
66,ACR Magnetic Check Valve Cutaway,DAC Worldwide,HVAC Training,https://tech-labs.com/products/acr-magnetic-check-valve-cutaway
67,ACR Manual Balancing Valve Cutaway,DAC Worldwide,HVAC Training,https://tech-labs.com/products/acr-manual-balancing-valve-cutaway
68,"ACR Oil Separator Cutaway, Float-Type",DAC Worldwide,HVAC Training,https://tech-labs.com/products/acr-oil-separator-cutaway-float-type
69,"ACR Oil Separator Cutaway, Helical-Type",DAC Worldwide,HVAC Training,https://tech-labs.com/products/acr-oil-separator-cutaway-helical-type
70,ACR Packless Diaphragm Line Valve Cutaway,DAC Worldwide,HVAC Training,https://tech-labs.com/products/acr-packless-diaphragm-line-valve-cutaway
71,ACR Solenoid Valve Cutaway,Amatrol,HVAC Training,https://tech-labs.com/products/acr-solenoid-valve-cutaway
72,ACR Steel Ball Valve Cutaway,iConnect Training,HVAC Training,https://tech-labs.com/products/acr-steel-ball-valve-cutaway
73,ACR Straight-Thru Pressure Relief Valve Cutaway,DAC Worldwide,HVAC Training,https://tech-labs.com/products/acr-straight-thru-pressure-relief-valve-cutaway
74,ACR Suction Line Accumulator Cutaway,DAC Worldwide,HVAC Training,https://tech-labs.com/products/acr-suction-line-accumulator-cutaway
75,Amatrol's Thermal Training Systems,DAC Worldwide,HVAC Training,https://tech-labs.com/products/amatrols-thermal-training-systems
76,Basic Refrigeration Trainer,iConnect Training,HVAC Training,https://tech-labs.com/products/basic-refrigeration-trainer
77,Ceiling Unit Cooler System Cutaway,iConnect Training,HVAC Training,https://tech-labs.com/products/ceiling-unit-cooler-system-cutaway
78,Compressor Service King Valve Cutaway,iConnect Training,HVAC Training,https://tech-labs.com/products/compressor-service-king-valve-cutaway
79,Condenser Pressure Control Valve Cutaway (KVR),DAC Worldwide,HVAC Training,https://tech-labs.com/products/condenser-pressure-control-valve-cutaway-kvr
80,DDC/BAS Programmer Training Unit,DAC Worldwide,HVAC Training,https://tech-labs.com/products/ddcbas-programmer-training-unit
81,Domestic Refrigeration Build-Up Trainer,DAC Worldwide,HVAC Training,https://tech-labs.com/products/domestic-refrigeration-build-trainer
82,Fundamentals of Refrigeration Demonstrator,DAC Worldwide,HVAC Training,https://tech-labs.com/products/fundamentals-refrigeration-demonstrator
83,Heat Pump Reversing Valve Cutaway,iConnect Training,HVAC Training,https://tech-labs.com/products/heat-pump-reversing-valve-cutaway
84,Hermetic Compressor Cutaway,iConnect Training,HVAC Training,https://tech-labs.com/products/hermetic-compressor-cutaway
85,Hermetic Rotary Compressor Cutaway,iConnect Training,HVAC Training,https://tech-labs.com/products/hermetic-rotary-compressor-cutaway
86,Hermetic Scroll Refrigeration Compressor Cutaway,iConnect Training,HVAC Training,https://tech-labs.com/products/hermetic-scroll-refrigeration-compressor-cutaway
87,HVAC Controls Training System,iConnect Training,HVAC Training,https://tech-labs.com/products/hvac-controls-training-system
88,HVAC Electrical Control Trainer,DAC Worldwide,HVAC Training,https://tech-labs.com/products/hvac-electrical-control-trainer
89,Intro to BAS Controllers,Amatrol,HVAC Training,https://tech-labs.com/products/intro-bas-controllers
90,Intro to HVAC/BAS Training System,iConnect Training,HVAC Training,https://tech-labs.com/products/intro-hvacbas-training-system
91,Mobile Table-Top Air Conditioning & Refrigeration Trainer,Amatrol,HVAC Training,https://tech-labs.com/products/mobile-table-top-air-conditioning-refrigeration-trainer
92,Open Drive Refrigeration Compressor Cutaway,DAC Worldwide,HVAC Training,https://tech-labs.com/products/open-drive-refrigeration-compressor-cutaway
93,Refrigerant Recovery and Charging Learning Systems for R-134a,iConnect Training,HVAC Training,https://tech-labs.com/products/refrigerant-recovery-and-charging-learning-systems-r-134a
94,Residential Heat Pump Trainer,DAC Worldwide,HVAC Training,https://tech-labs.com/products/residential-heat-pump-trainer
95,Residential Heat Pump Troubleshooting Training System,DAC Worldwide,HVAC Training,https://tech-labs.com/products/residential-heat-pump-troubleshooting-training-system
96,Schrader Service Valve Cutaway,iConnect Training,HVAC Training,https://tech-labs.com/products/schrader-service-valve-cutaway
97,Sedona BAS Controller Simulator,Levil Technology,Advanced Manufacturing,https://tech-labs.com/products/sedona-bas-controller-simulator
98,Semi-Hermetic Compressor Cutaway,Lincoln Electric,Welding,https://tech-labs.com/products/semi-hermetic-compressor-cutaway
99,Sightglass with Moisture Indicator Cutaway,Lincoln Electric,Welding,https://tech-labs.com/products/sightglass-moisture-indicator-cutaway
100,Single Phase Compressor Control Board,Lincoln Electric,Welding,https://tech-labs.com/products/single-phase-compressor-control-board
101,EEV Table-Top Air Conditioning & Refrigeration Trainer,Lincoln Electric,Advanced Manufacturing,https://tech-labs.com/products/eev-table-top-air-conditioning-refrigeration-trainer
102,LMV-300 CNC,Lincoln Electric,Welding,https://tech-labs.com/products/lmv-300-cnc
103,RealWeld Trainer (Base Model),LJ Create,Automotive,https://tech-labs.com/products/realweld-trainer-base-model
104,REALWELD® Trainer One-Pak® Package,LJ Create,K-12 Education,https://tech-labs.com/products/realweld%C2%AE-trainer-one-pak%C2%AE-package
105,VRTEX 360 Virtual Reality Arc Welding Training System,LJ Create,K-12 Education,https://tech-labs.com/products/vrtex-360
106,VRTEX Engage,LJ Create,e-Learning,https://tech-labs.com/products/vrtex-engage
107,VRTEX Transport Virtual Reality Welding Training Simulator,LJ Create,STEM / Robotics Education,https://tech-labs.com/products/vrtex-transport
108,Hybrid and Electric Vehicle Trainer,LJ Create,e-Learning,https://tech-labs.com/products/hybrid-and-electric-vehicle-trainer
109,Living with STEM: Elementary,Lucas-Nuelle,Automotive,https://tech-labs.com/products/living-stem-elementary
110,LJ Create Career and Technical Education (CTE),Lucas-Nuelle,Lucas-Nuelle,https://tech-labs.com/products/lj-create-career-and-technical-education-cte
111,LJ Create Engineering,Lucas-Nuelle,Power Engineering,https://tech-labs.com/products/lj-create-engineering
112,LJ Create Smart Labs,Lucas-Nuelle,Power Engineering,https://tech-labs.com/products/lj-create-smart-labs
113,LJ Create Working with STEM AutoLab,Lucas-Nuelle,Automotive,https://tech-labs.com/products/lj-create-working-stem-autolab
114,CarTrain Diagnosis and Maintenance of a High Voltage Battery,Lucas-Nuelle,Automotive,https://tech-labs.com/products/cartrain-diagnosis-and-maintenance-high-voltage-battery
115,First Responder Trainer for HEV/EV,Lucas-Nuelle,Automotive,https://tech-labs.com/products/first-responder-trainer-hevev
116,Micro Grids,MakerBot,3D Printers for K-12,https://tech-labs.com/products/micro-grids
117,Smart Grids,MakerBot,3D Printers for K-12,https://tech-labs.com/products/smart-grids
118,TruckTrain Heavy Duty Hybrid and Electric Vehicles,MakerBot,3D Printers for K-12,https://tech-labs.com/products/trucktrain-heavy-duty-hybrid-and-electric-vehicles
119,TruckTrain Smart Farming 4.0,Marcraft,IT & Cyber Security,https://tech-labs.com/products/trucktrain-smart-farming-40
120,ASE L3 Trainer Light Duty Hybrid/Electric Vehicle Specialist,Marcraft,Green Energy,https://tech-labs.com/products/ase-l3-trainer-light-duty-hybridelectric-vehicle-specialist
121,MakerBot Method and Method X,Marcraft,IT & Cyber Security,https://tech-labs.com/products/makerbot-method-and-method-x
122,MakerBot Method Carbon Fiber,Marcraft,IT & Cyber Security,https://tech-labs.com/products/makerbot-method-carbon-fiber
123,MakerBot Sketch Classroom,Marcraft,IT & Cyber Security,https://tech-labs.com/products/makerbot-sketch-classroom
124,Marcraft IT Certification Programs,Amatrol,Advanced Manufacturing,https://tech-labs.com/products/marcraft-it-certification-programs
125,Marcraft Renewable Energy & Energy Efficiency,Amatrol,Advanced Manufacturing,https://tech-labs.com/products/marcraft-renewable-energy-energy-efficiency
126,Digital Forensics,MSSC,Advanced Manufacturing,https://tech-labs.com/products/digital-forensics
127,Marcraft Cyber Security Essentials: Concepts & Practices,MSSC,Advanced Manufacturing,https://tech-labs.com/products/marcraft-cyber-security-essentials-concepts-practices
128,Residential Electronics Systems Integrator,MSSC,Certifications,https://tech-labs.com/products/residential-electronics-systems-integrator
129,Skill Boss: Comprehensive Assessment,MSSC,Advanced Manufacturing,https://tech-labs.com/products/skill-boss-comprehensive-assessment
130,Amatrol Skill Boss Logistics,sciTEX learning,K-12 Education,https://tech-labs.com/products/amatrol-skill-boss-logistics
131,Certified Forklift Technician (CFT),sciTEX learning,K-12 Education,https://tech-labs.com/products/certified-forklift-technician-cft
132,Certified Logistics Technician (CLT),sciTEX learning,K-12 Education,https://tech-labs.com/products/certified-logistics-technician-clt
133,Certified Production Technician (CPT),SimSpray,Simulators,https://tech-labs.com/products/certified-production-technician-cpt
134,Certified Technician-Supply Chain Automation,SimSpray,Portable Learning Systems,https://tech-labs.com/products/certified-technician-supply-chain-automation
135,SciTex Learning for Elementary Schools,Amatrol,Process Control Training Systems,https://tech-labs.com/products/scitex-learning-elementary-schools
136,SciTex Learning for High Schools,Amatrol,Advanced Manufacturing,https://tech-labs.com/products/scitex-learning-high-schools
137,SciTex Learning for Middle Schools,Amatrol,Advanced Manufacturing,https://tech-labs.com/products/scitex-learning-middle-schools
138,SimSpray 3.0,Amatrol,e-Learning,https://tech-labs.com/products/simspray-30
139,SimSpray GO,Amatrol,Advanced Manufacturing,https://tech-labs.com/products/simspray-go
140,Amatrol's Process Control Learning Systems,Amatrol,STEM / Robotics Education,https://tech-labs.com/products/amatrols-process-control-learning-systems
141,Amatrol’s Smart Factory Tabletop Mechatronics System,Amatrol,Advanced Manufacturing,https://tech-labs.com/products/amatrol%E2%80%99s-smart-factory-tabletop-mechatronics-system
142,AC/DC Electrical Learning System,Amatrol,Mechatronics,https://tech-labs.com/products/acdc-electrical-learning-system
143,Amatrol Agritech,Amatrol,Advanced Manufacturing,https://tech-labs.com/products/amatrol-agritech
144,Amatrol eBooks,Amatrol,Green Energy,https://tech-labs.com/products/amatrol-ebooks
145,Amatrol Electric Motor Troubleshooting Learning System,Amatrol,Advanced Manufacturing,https://tech-labs.com/products/amatrol-electric-motor-troubleshooting-learning-system
146,Amatrol High School Learning Programs,Amatrol,CNC & Robotics,https://tech-labs.com/products/amatrol-high-school-learning-programs
147,Amatrol Level 1 Programmable Controllers,Amatrol,Oil & Gas,https://tech-labs.com/products/amatrol-level-1-programmable-controllers
148,Amatrol Mechatronics Learning System,Amatrol,Oil & Gas,https://tech-labs.com/products/amatrol-mechatronics-learning-system
149,Skill Boss: Comprehensive Assessment,Amatrol,Oil & Gas,https://tech-labs.com/products/skill-boss-comprehensive-assessment?utm_source=website&utm_medium=vert_ad&utm_campaign=skillboss
150,Portable Learning Systems,Amatrol,STEM / Robotics Education,https://tech-labs.com/products/portable-learning-systems?utm_source=website&utm_medium=vert_ad&utm_campaign=port
151,Amatrol Solar Thermal Installation Learning System,Amatrol,Advanced Manufacturing,https://tech-labs.com/products/amatrol-solar-thermal-installation-learning-system
152,Amatrol's Automation Training Systems,Amatrol,Advanced Manufacturing,https://tech-labs.com/products/amatrols-automation-training-systems
153,Amatrol's CNC Machine Operator Program,Amatrol,Advanced Manufacturing,https://tech-labs.com/products/amatrols-cnc-machine-operator-program
154,Amatrol's Electrical Training Systems,Amatrol,Advanced Manufacturing,https://tech-labs.com/products/amatrols-electrical-training-systems
155,Amatrol's Fluid Power Training Systems,Amatrol,Advanced Manufacturing,https://tech-labs.com/products/amatrols-fluid-power-training-systems
156,Amatrol's Mechanical Training Systems,Amatrol,Advanced Manufacturing,https://tech-labs.com/products/amatrols-mechanical-training-systems
157,Amatrol's STEM Program,Amatrol,Advanced Manufacturing,https://tech-labs.com/products/amatrols-stem-program
158,Basic Electrical Machines Learning System,Amatrol,e-Learning,https://tech-labs.com/products/basic-electrical-machines-learning-system
159,Basic Electrical Machines Learning System – 85-MT2,Amatrol,Advanced Manufacturing,https://tech-labs.com/products/basic-electrical-machines-learning-system-%E2%80%93-85-mt2
160,Basic Hydraulics Learning System,Amatrol,Advanced Manufacturing,https://tech-labs.com/products/basic-hydraulics-learning-system
161,Basic Pneumatics Learning System,Amatrol,Portable Learning Systems,https://tech-labs.com/products/basic-pneumatics-learning-system
162,Centrifugal Pump Learning System,Amatrol,Portable Learning Systems,https://tech-labs.com/products/centrifugal-pump-learning-system
163,Electric Relay Control Learning System,Amatrol,Portable Learning Systems,https://tech-labs.com/products/electric-relay-control-learning-system
164,Electro-Hydraulics Learning System,Amatrol,Portable Learning Systems,https://tech-labs.com/products/electro-hydraulics-learning-system
165,Level and Flow Process Control Troubleshooting Learning System,Amatrol,Portable Learning Systems,https://tech-labs.com/products/level-and-flow-process-control-troubleshooting-learning-system
166,MSSC Certified Production Technician,Amatrol,Portable Learning Systems,https://tech-labs.com/products/mssc-certified-production-technician
167,Plastics Technology 1 Learning System | Injection Molding Training,Amatrol,Portable Learning Systems,https://tech-labs.com/products/plastics-technology-1-learning-system-injection-molding-training
168,Plastics Technology 2 Learning System | Blow Molding & Extrusion Training,Amatrol,Portable Learning Systems,https://tech-labs.com/products/plastics-technology-2-learning-system-blow-molding-extrusion-training
169,Portable AC Motor Drive Learning System,Amatrol,Portable Learning Systems,https://tech-labs.com/products/portable-ac-motor-drive-learning-system
170,Portable AC Motor Drive Troubleshooting Learning System,Amatrol,Portable Learning Systems,https://tech-labs.com/products/portable-ac-motor-drive-troubleshooting-learning-system
171,Portable AC/DC Electrical Learning System,Amatrol,Portable Learning Systems,https://tech-labs.com/products/portable-acdc-electrical-learning-system-0
172,Portable Electric Relay Control Learning System,Amatrol,Portable Learning Systems,https://tech-labs.com/products/portable-electric-relay-control-learning-system
173,Portable Electronic Sensors Learning System,Amatrol,Portable Learning Systems,https://tech-labs.com/products/portable-electronic-sensors-learning-system
174,Portable Motor Control Learning System,Amatrol,Green Energy,https://tech-labs.com/products/portable-motor-control-learning-system
175,Portable Motor Control Troubleshooting Learning System,Amatrol,Advanced Manufacturing,https://tech-labs.com/products/portable-motor-control-troubleshooting-learning-system
176,Portable PLC Learning System (Allen-Bradley ControlLogix),Amatrol,e-Learning,https://tech-labs.com/products/portable-plc-learning-system-allen-bradley-controllogix
177,Portable PLC Troubleshooting Learning System (CompactLogix L16),Amatrol,Advanced Manufacturing,https://tech-labs.com/products/portable-plc-troubleshooting-learning-system-0
178,Portable PLC Troubleshooting Learning System - AB CompactLogix,Amatrol,Advanced Manufacturing,https://tech-labs.com/products/portable-plc-troubleshooting-learning-system-ab-compactlogix
179,Portable PLC Troubleshooting Learning System Siemens S7-1200,Amatrol,Advanced Manufacturing,https://tech-labs.com/products/portable-plc-troubleshooting-learning-system-siemens-s7-1200
180,Portable Pneumatics Learning System,Amatrol,Advanced Manufacturing,https://tech-labs.com/products/portable-pneumatics-learning-system
181,Portable Precision Gauging,Amatrol,Advanced Manufacturing,https://tech-labs.com/products/portable-precision-gauging
182,Snap Gauge,Amatrol,Advanced Manufacturing,https://tech-labs.com/products/snap-gauge
183,Amatrol Alternative Energy Learning System,Amatrol,Advanced Manufacturing,https://tech-labs.com/products/amatrol-alternative-energy-learning-system
184,Amatrol Basic Hydraulic Troubleshooting Learning System 950-HTB1,Amatrol,Advanced Manufacturing,https://tech-labs.com/products/amatrol-basic-hydraulic-troubleshooting-learning-system-950-htb1
185,Amatrol e-Learning,Amatrol,Advanced Manufacturing,https://tech-labs.com/products/amatrol-e-learning
186,Amatrol Electrical Wiring Learning System,Amatrol,Green Energy,https://tech-labs.com/products/amatrol-electrical-wiring-learning-system
187,Amatrol Hydraulic Maintenance Learning System,Amatrol,Green Energy,https://tech-labs.com/products/amatrol-hydraulic-maintenance-learning-system
188,Amatrol Industrial Soldering Learning System 85-MT6BB,Amatrol,Mechatronics,https://tech-labs.com/products/amatrol-industrial-soldering-learning-system-85-mt6bb
189,Amatrol Portable Hydraulics Training,Amatrol,Green Energy,https://tech-labs.com/products/amatrol-portable-hydraulics-training
190,Amatrol Portable Measurement Tools Learning System,Amatrol,Green Energy,https://tech-labs.com/products/amatrol-portable-measurement-tools-learning-system
191,Amatrol Portable Mechanical Drives 1 Learning System 990-ME1,Amatrol,Advanced Manufacturing,https://tech-labs.com/products/amatrol-portable-mechanical-drives-1-learning-system-990-me1
192,Amatrol Portable Pneumatics Troubleshooting Learning System,Amatrol,e-Learning,https://tech-labs.com/products/amatrol-portable-pneumatics-troubleshooting-learning-system
193,Amatrol Portable Power and Control Electronics Learning System,Amatrol,Green Energy,https://tech-labs.com/products/amatrol-portable-power-and-control-electronics-learning-system
194,Amatrol Smart Factory Enterprise,Amatrol,Oil & Gas,https://tech-labs.com/products/amatrol-smart-factory-enterprise
195,Amatrol Solar PV Troubleshooting Learning System,Amatrol,Advanced Manufacturing,https://tech-labs.com/products/amatrol-solar-pv-troubleshooting-learning-system
196,Amatrol Solar Thermal Open-Loop Troubleshooting Learning System,Amatrol,Oil & Gas,https://tech-labs.com/products/amatrol-solar-thermal-open-loop-troubleshooting-learning-system
197,Amatrol Tabletop Mechatronics,Amatrol,Green Energy,https://tech-labs.com/products/amatrol-tabletop-mechatronics
198,Amatrol Turbine Electric Hub Troubleshooting Learning System,Amatrol,Advanced Manufacturing,https://tech-labs.com/products/amatrol-turbine-electric-hub-troubleshooting-learning-system
199,Amatrol Turbine Nacelle Troubleshooting,Amatrol,e-Learning,https://tech-labs.com/products/amatrol-turbine-nacelle-troubleshooting
200,Amatrol VFD/PLC Wiring Learning System 85-MT6BA,Amatrol,Safety Trainers,https://tech-labs.com/products/amatrol-vfdplc-wiring-learning-system-85-mt6ba
201,Amatrol Virtual Trainers,Amatrol,Advanced Manufacturing,https://tech-labs.com/products/amatrol-virtual-trainers
202,Amatrol Wind Turbine Generator Control System,Amatrol,Advanced Manufacturing,https://tech-labs.com/products/amatrol-wind-turbine-generator-control-system
203,Amatrol Workforce Training: Oil & Gas Maintenance,Amatrol,Advanced Manufacturing,https://tech-labs.com/products/amatrol-workforce-training-oil-gas-maintenance
204,Amatrol's Electronics Training Systems,Amatrol,Advanced Manufacturing,https://tech-labs.com/products/amatrols-electronics-training-systems
205,Amatrol's Workplace Effectiveness Training,Amatrol,Green Energy,https://tech-labs.com/products/amatrols-workplace-effectiveness-training
206,Closed-Loop Solar Thermal Troubleshooting Training,Amatrol,Welding,https://tech-labs.com/products/closed-loop-solar-thermal-troubleshooting-training
207,Electric Motor Control Learning System,Amatrol,Green Energy,https://tech-labs.com/products/electric-motor-control-learning-system
208,IGNITE: Mastering Manufacturing,APT Manufacturing Solutions,Advanced Manufacturing,https://tech-labs.com/products/ignite-mastering-manufacturing
209,Industrial Workplace Safety Training,Artec 3D,3D Scanners,https://tech-labs.com/products/industrial-workplace-safety-training
210,Industry 4.0 Fundamentals (I4F),Artec 3D,3D Scanners,https://tech-labs.com/products/industry-40-fundamentals-i4f
211,Mechanical Drives Learning Systems,Artec 3D,3D Scanners,https://tech-labs.com/products/mechanical-drives-learning-systems
212,NIMS Industrial Technology Maintenance (ITM),Artec 3D,3D Scanners,https://tech-labs.com/products/nims-industrial-technology-maintenance-itm
213,Smart Factory Training,Artec 3D,3D Scanners,https://tech-labs.com/products/smart-factory-training
214,Solar Concepts Learning System,Artec 3D,3D Scanners,https://tech-labs.com/products/solar-concepts-learning-system
215,Welding Technology Learning System,Artec 3D,3D Scanners,https://tech-labs.com/products/welding-technology-learning-system
216,Wind Concepts Learning System,Artec 3D,3D Scanners,https://tech-labs.com/products/wind-concepts-learning-system
217,Robot Accessories,Artec 3D,3D Scanners,https://tech-labs.com/products/robot-accessories
218,Artec Eva Lite,Artec 3D,3D Scanners,https://tech-labs.com/products/artec-eva-lite
219,Artec Leo,Stratasys 3D Printing,3D Printers,https://tech-labs.com/products/artec-leo
220,Artec Space Spider,Stratasys 3D Printing,3D Printers,https://tech-labs.com/products/artec-space-spider
221,Artec Eva,Stratasys 3D Printing,3D Printers,https://tech-labs.com/products/artec-eva
222,Artec Micro,Artec 3D,3D Scanners,https://tech-labs.com/products/artec-micro
223,Artec Ray,Artec 3D,3D Scanners,https://tech-labs.com/products/artec-ray
224,Geomagic Control X,Bayport Technical,Oil & Gas,https://tech-labs.com/products/geomagic-control-x
225,Artec Studio 15,Bayport Technical,Advanced Manufacturing,https://tech-labs.com/products/artec-studio-15
226,Geomagic Design X,Bayport Technical,Advanced Manufacturing,https://tech-labs.com/products/geomagic-design-x
227,Geomagic Freeform,Bayport Technical,Oil & Gas,https://tech-labs.com/products/geomagic-freeform
228,Origin One,Bayport Technical,Oil & Gas,https://tech-labs.com/products/origin-one
229,Stratasys H350,Bayport Technical,Oil & Gas,https://tech-labs.com/products/stratasys-h350
230,Stereolithography,Bayport Technical,Process Control Training Systems,https://tech-labs.com/products/stereolithography
231,Metal 3D Printers,BOFA Americas,Oil & Gas,https://tech-labs.com/products/am
232,Additive Manufacturing Powders,BOFA Americas,Printing Fume Extraction,https://tech-labs.com/products/additive-manufacturing-powders
233,GrabCAD Print,BOFA Americas,Printing Fume Extraction,https://tech-labs.com/products/grabcad-print
234,Printing Fume Extraction,BOFA Americas,Printing Fume Extraction,https://tech-labs.com/products/printing-fume-extraction
235,Geomagic Wrap,BOFA Americas,Fume Extraction and Filtration,https://tech-labs.com/products/geomagic-wrap
236,Scan-to-SOLIDWORKS,BOFA Americas,Fume Extraction and Filtration,https://tech-labs.com/products/scan-solidworks
237,Bayport Cutaways,BOFA Americas,Fume Extraction and Filtration,https://tech-labs.com/products/bayport-cutaways
238,Bayport Models,BOFA Americas,Fume Extraction and Filtration,https://tech-labs.com/products/bayport-models
239,Bayport Training Systems,BOFA Americas,Fume Extraction and Filtration,https://tech-labs.com/products/bayport-training-systems
240,Bayport Working Demonstrators,BOFA Americas,Fume Extraction and Filtration,https://tech-labs.com/products/bayport-working-demonstrators
241,Electro-Mechanical Maintenance,BOFA Americas,Fume Extraction and Filtration,https://tech-labs.com/products/electro-mechanical-maintenance
242,"Fluids | Circulation, Distillation, & More",BOFA Americas,Fume Extraction and Filtration,https://tech-labs.com/products/fluids-circulation-distillation-more
243,Heat Transfer Systems,BOFA Americas,Fume Extraction and Filtration,https://tech-labs.com/products/heat-transfer-systems
244,Instrumentation & Process Control Trainers,BOFA Americas,Fume Extraction and Filtration,https://tech-labs.com/products/instrumentation-process-control-trainers
245,Bayport Oil & Gas Training Solutions,BOFA Americas,Fume Extraction and Filtration,https://tech-labs.com/products/bayport-oil-gas-training-solutions
246,Unit Operations,BOFA Americas,Fume Extraction and Filtration,https://tech-labs.com/products/unit-operations
247,3D PrintPRO 2,BOFA Americas,Fume Extraction and Filtration,https://tech-labs.com/products/3d-printpro-2
248,3D PrintPRO 3,BOFA Americas,Fume Extraction and Filtration,https://tech-labs.com/products/3d-printpro-3
249,3D PrintPRO 4,BOFA Americas,Fume Extraction and Filtration,https://tech-labs.com/products/3d-printpro-4
250,AD 1000 iQ,BOFA Americas,Fume Extraction and Filtration,https://tech-labs.com/products/ad-1000-iq
251,AD 1500 iQ,BOFA Americas,Fume Extraction and Filtration,https://tech-labs.com/products/ad-1500-iq
252,AD 2000 iQ,BOFA Americas,Fume Extraction and Filtration,https://tech-labs.com/products/ad-2000-iq
253,AD 250,BOFA Americas,Fume Extraction and Filtration,https://tech-labs.com/products/ad-250
254,AD 350,BOFA Americas,Fume Extraction and Filtration,https://tech-labs.com/products/ad-350
255,AD 4000,BÖHLER,Fume Extraction and Filtration,https://tech-labs.com/products/ad-4000
256,AD 500 iQ,DAC Worldwide,Additive Manufacturing Powders,https://tech-labs.com/products/ad-500-iq
257,AD Access,DAC Worldwide,DAC Worldwide Training Solutions,https://tech-labs.com/products/ad-access
258,AD Base 1 Oracle,DAC Worldwide,DAC Worldwide Training Solutions,https://tech-labs.com/products/ad-base-1-oracle
259,AD Base 2 Oracle,DAC Worldwide,DAC Worldwide Training Solutions,https://tech-labs.com/products/ad-base-2-oracle
260,AD Base 3,DAC Worldwide,DAC Training Systems,https://tech-labs.com/products/ad-base-3
261,AD Base Z,DAC Worldwide,DAC Training Systems,https://tech-labs.com/products/ad-base-z
262,AD GoldSEAL RS,DAC Worldwide,DAC Cutaways,https://tech-labs.com/products/ad-goldseal-rs
263,AD Nano,DAC Worldwide,DAC Training Systems,https://tech-labs.com/products/ad-nano
264,AD Nano+,DAC Worldwide,DAC Training Systems,https://tech-labs.com/products/ad-nano-0
265,Ad Oracle iQ,DAC Worldwide,DAC Training Systems,https://tech-labs.com/products/ad-oracle-iq
266,Ad Oracle SA iQ,DAC Worldwide,DAC Training Systems,https://tech-labs.com/products/ad-oracle-sa-iq
267,AD PVC iQ,DAC Worldwide,DAC Training Systems,https://tech-labs.com/products/ad-pvc-iq
268,AD Universal,DAC Worldwide,DAC Training Systems,https://tech-labs.com/products/ad-universal
269,FireBOX 100,DAC Worldwide,DAC Worldwide Training Solutions,https://tech-labs.com/products/firebox-100
270,ILF 1000,DAC Worldwide,Process Control Training Systems,https://tech-labs.com/products/ilf-1000
271,ILF 300/600,DAC Worldwide,DAC Training Systems,https://tech-labs.com/products/ilf-300600
272,BÖHLER AMPO,DAC Worldwide,DAC Cutaways,https://tech-labs.com/products/bohler-ampo
273,Cutaways,DAC Worldwide,DAC Worldwide Training Solutions,https://tech-labs.com/products/dac-cutaways
274,Dissectibles,DAC Worldwide,DAC Training Systems,https://tech-labs.com/products/dissectibles
275,DAC Models,DAC Worldwide,DAC Training Systems,https://tech-labs.com/products/models
276,Axial Compressor Model,DAC Worldwide,DAC Models,https://tech-labs.com/products/axial-compressor-model
277,1-Phase Motor Control Training System with Magnetic Starter,DAC Worldwide,DAC Worldwide Training Solutions,https://tech-labs.com/products/1-phase-motor-control-training-system-magnetic-starter
278,1-Phase Motor Control Training System with Manual Starter,DAC Worldwide,DAC Worldwide Training Solutions,https://tech-labs.com/products/1-phase-motor-control-training-system-manual-starter
279,"100A, Single Pole Circuit Breaker Cutaway",DAC Worldwide,DAC Models,https://tech-labs.com/products/100a-single-pole-circuit-breaker-cutaway
280,3-Component Coupling Shaft Alignment Training System,DAC Worldwide,DAC Worldwide Training Solutions,https://tech-labs.com/products/3-component-coupling-shaft-alignment-training-system
281,3-Component Coupling Shaft Alignment Training System Plus,DAC Worldwide,DAC Worldwide Training Solutions,https://tech-labs.com/products/3-component-coupling-shaft-alignment-training-system-plus
282,3-Phase Motor Control Training System with Magnetic Starter,DAC Worldwide,DAC Training Systems,https://tech-labs.com/products/3-phase-motor-control-training-system-magnetic-starter
283,"3-Phase Motor Control Training System with Magnetic Starter, Low Voltage Star",DAC Worldwide,DAC Training Systems,https://tech-labs.com/products/3-phase-motor-control-training-system-magnetic-starter-low-voltage-star
284,3-Phase Motor Control Training System with Manual Starter,DAC Worldwide,DAC Training Systems,https://tech-labs.com/products/3-phase-motor-control-training-system-manual-starter
285,3-Variable Process Control Training System,DAC Worldwide,DAC Sample Boards,https://tech-labs.com/products/3-variable-process-control-training-system
286,Furniture,DAC Worldwide,Chemical Engineering,https://tech-labs.comhttps://tech-labs.com/products/dac-worldwide-training-solutions
287,4-Variable Advanced Process Control Training System,DAC Worldwide,DAC Training Systems,https://tech-labs.comhttps://tech-labs.com/products/cutaways
288,AC Variable Frequency Drive Training System Plus,DAC Worldwide,DAC Training Systems,https://tech-labs.comhttps://tech-labs.com/products/dac-dissectibles
289,"ACR Thermostatic Expansion Valve Cutaway, Fixed-Type",DAC Worldwide,DAC Training Systems,https://tech-labs.comhttps://tech-labs.com/products/models
290,Adjustable Oil Field Choke Valve Cutaway,DAC Worldwide,Mechanical Drives,https://tech-labs.comhttps://tech-labs.com/products/sample-boards
291,Advanced Bearing Maintenance Trainer,DAC Worldwide,Electrical/Electronics,https://tech-labs.comhttps://tech-labs.com/products/training-systems-0
292,Advanced Vibration Analysis Training System Plus,DAC Worldwide,DAC Training Systems,https://tech-labs.com/products/furniture
293,Air-Cooled (Fin-Fan) Heat Exchanger Model,DAC Worldwide,Mechanical Drives,https://tech-labs.com/products/4-variable-advanced-process-control-training-system
294,Air-Operated Diaphragm Pump Dissectible,DAC Worldwide,Chemical Engineering,https://tech-labs.com/products/ac-variable-frequency-drive-training-system-plus
295,Angled Disc Butterfly Valve Cutaway,DAC Worldwide,DAC Cutaways,https://tech-labs.com/products/acr-thermostatic-expansion-valve-cutaway-fixed-type
296,Annular Tube Heat Exchanger Model,DAC Worldwide,DAC Worldwide Training Solutions,https://tech-labs.com/products/adjustable-oil-field-choke-valve-cutaway
297,ANSI Centrifugal Pump Dissectible (Goulds),DAC Worldwide,DAC Training Systems,https://tech-labs.com/products/advanced-bearing-maintenance-trainer
298,Barrel Choke Valve Cutaway,DAC Worldwide,DAC Training Systems,https://tech-labs.com/products/advanced-vibration-analysis-training-system-plus
299,Basic Coupling/Shaft Alignment Trainer,DAC Worldwide,DAC Training Systems,https://tech-labs.com/products/air-cooled-fin-fan-heat-exchanger-model
300,Basic Coupling/Shaft Alignment Training System Plus,DAC Worldwide,DAC Training Systems,https://tech-labs.com/products/air-operated-diaphragm-pump-dissectible
301,Basic PLC Training System – AB Micro850,DAC Worldwide,DAC Worldwide Training Solutions,https://tech-labs.com/products/angled-disc-butterfly-valve-cutaway
302,Basic Precision Measurement Kit 1,DAC Worldwide,Mechanical Drives,https://tech-labs.com/products/annular-tube-heat-exchanger-model
303,Batch Continuous Distillation,DAC Worldwide,DAC Worldwide Training Solutions,https://tech-labs.com/products/ansi-centrifugal-pump-dissectible-goulds
304,Bearing Maintenance Training System,DAC Worldwide,DAC Training Systems,https://tech-labs.com/products/barrel-choke-valve-cutaway
305,Bearing Maintenance Training System Plus,DAC Worldwide,DAC Training Systems,https://tech-labs.com/products/basic-couplingshaft-alignment-trainer
306,Bearing Maintenance Training System Plus,DAC Worldwide,Mechanical Drives,https://tech-labs.com/products/basic-couplingshaft-alignment-training-system-plus
307,Bearing Sample Board,DAC Worldwide,DAC Cutaways,https://tech-labs.com/products/basic-plc-training-system-%E2%80%93-ab-micro850
308,Belt Drive Training System,DAC Worldwide,DAC Worldwide Training Solutions,https://tech-labs.com/products/basic-precision-measurement-kit-1
309,Belt Drive Training System Plus,DAC Worldwide,DAC Training Systems,https://tech-labs.com/products/batch-continuous-distillation
310,Belt Sample Board,DAC Worldwide,DAC Worldwide Training Solutions,https://tech-labs.com/products/bearing-maintenance-training-system
311,Benchtop Gas-Liquid Absorption,DAC Worldwide,DAC Worldwide Training Solutions,https://tech-labs.com/products/bearing-maintenance-training-system-plus
312,Bladder Accumulator Cutaway,DAC Worldwide,Chemical Engineering,https://tech-labs.com/products/bearing-maintenance-training-system-plus-0
313,Blowout Preventer (BOP) Cutaway,DAC Worldwide,Chemical Engineering,https://tech-labs.com/products/bearing-sample-board
314,Boiler Tube Maintenance Training System Plus,DAC Worldwide,DAC Worldwide Training Solutions,https://tech-labs.com/products/belt-drive-training-system
315,Boiler Tube Trainer,DAC Worldwide,Chemical Engineering,https://tech-labs.com/products/belt-drive-training-system-plus
316,Brake Clutch Trainer,DAC Worldwide,Chemical Engineering,https://tech-labs.com/products/belt-sample-board
317,Brake Clutch Training System Plus,DAC Worldwide,Mechanical Drives,https://tech-labs.com/products/benchtop-gas-liquid-absorption
318,"Canned Sealless, Centrifugal Pump Dissectible",DAC Worldwide,DAC Training Systems,https://tech-labs.com/products/bladder-accumulator-cutaway
319,Centrifugal Clutch Cutaway,DAC Worldwide,DAC Training Systems,https://tech-labs.com/products/blowout-preventer-bop-cutaway
320,Centrifugal Compressor Model,DAC Worldwide,DAC Worldwide Training Solutions,https://tech-labs.com/products/boiler-tube-maintenance-training-system-plus
321,Chain Drive Training System,DAC Worldwide,Mechanical Drives,https://tech-labs.com/products/boiler-tube-trainer
322,Chain Drive Training System Plus,DAC Worldwide,DAC Worldwide Training Solutions,https://tech-labs.com/products/brake-clutch-trainer
323,Chain Sample Board,DAC Worldwide,DAC Worldwide Training Solutions,https://tech-labs.com/products/brake-clutch-training-system-plus
324,Circuit Breaker Cutaway Set,DAC Worldwide,DAC Worldwide Training Solutions,https://tech-labs.com/products/canned-sealless-centrifugal-pump-dissectible
325,Clip Valve Cutaway,DAC Worldwide,DAC Worldwide Training Solutions,https://tech-labs.com/products/centrifugal-clutch-cutaway
326,"Compound, Cumulatively Wound, DC Motor Training System",DAC Worldwide,DAC Worldwide Training Solutions,https://tech-labs.com/products/centrifugal-compressor-model
327,Compressor Inlet Unloader Valve Replica,DAC Worldwide,DAC Worldwide Training Solutions,https://tech-labs.com/products/chain-drive-training-system
328,Compressor Outlet Channel Valve Replica,DAC Worldwide,Mechanical Drives,https://tech-labs.com/products/chain-drive-training-system-plus
329,Computerized Chemical Reactor,DAC Worldwide,DAC Cutaways,https://tech-labs.com/products/chain-sample-board
330,Continuous Distillation,DAC Worldwide,DAC Worldwide Training Solutions,https://tech-labs.com/products/circuit-breaker-cutaway-set
331,Control Valve Dissectible,DAC Worldwide,DAC Worldwide Training Solutions,https://tech-labs.com/products/clip-valve-cutaway
332,Controlled Absorption & Regeneration Unit,DAC Worldwide,DAC Training Systems,https://tech-labs.com/products/compound-cumulatively-wound-dc-motor-training-system
333,Controlled Distillation Unit,DAC Worldwide,DAC Training Systems,https://tech-labs.com/products/compressor-inlet-unloader-valve-replica
334,Coupling Sample Board,DAC Worldwide,DAC Worldwide Training Solutions,https://tech-labs.com/products/compressor-outlet-channel-valve-replica
335,Coupling/Shaft Alignment Plus,DAC Worldwide,DAC Worldwide Training Solutions,https://tech-labs.com/products/computerized-chemical-reactor
336,Coupling/Shaft Alignment Trainer,DAC Worldwide,DAC Training Systems,https://tech-labs.com/products/continuous-distillation
337,Crude Oil Desalter Model,DAC Worldwide,DAC Training Systems,https://tech-labs.com/products/control-valve-dissectible
338,Cycloidal Gear Reducer Cutaway,DAC Worldwide,DAC Models,https://tech-labs.com/products/controlled-absorption-regeneration-unit
339,Cycloidal Gear Reducer Dissectible,DAC Worldwide,DAC Models,https://tech-labs.com/products/controlled-distillation-unit
340,Diaphragm Dump Valve Cutaway,DAC Worldwide,DAC Worldwide Training Solutions,https://tech-labs.com/products/coupling-sample-board
341,"Diaphragm Pump, Pulsa Dissectible",DAC Worldwide,DAC Training Systems,https://tech-labs.com/products/couplingshaft-alignment-plus
342,"Dissectible Double-Suction, Split-Case Centrifugal Pump",DAC Worldwide,DAC Training Systems,https://tech-labs.com/products/couplingshaft-alignment-trainer
343,Distillation Column Model,DAC Worldwide,DAC Training Systems,https://tech-labs.com/products/crude-oil-desalter-model
344,Downsized Horizontal Multi-Stage Centrifugal Pump Dissectible,DAC Worldwide,DAC Sample Boards,https://tech-labs.com/products/cycloidal-gear-reducer-cutaway
345,Downsized Right Angle Spiral Bevel Gear Reducer Cutaway,DAC Worldwide,DAC Worldwide Training Solutions,https://tech-labs.com/products/cycloidal-gear-reducer-dissectible
346,"Dual Element, Time-Delay Fuse Cutaway",DAC Worldwide,DAC Worldwide Training Solutions,https://tech-labs.com/products/diaphragm-dump-valve-cutaway
347,Enhanced Control Valve Dissectible,DAC Worldwide,DAC Worldwide Training Solutions,https://tech-labs.com/products/diaphragm-pump-pulsa-dissectible
348,Extended Dissectible Valve Assortment,DAC Worldwide,Chemical Engineering,https://tech-labs.com/products/dissectible-double-suction-split-case-centrifugal-pump
349,Extended PLC Trainer,DAC Worldwide,Mechanical Drives,https://tech-labs.com/products/distillation-column-model
350,Extended Vibration Analysis Training System,DAC Worldwide,DAC Worldwide Training Solutions,https://tech-labs.com/products/downsized-horizontal-multi-stage-centrifugal-pump-dissectible
351,Extended Wellhead Assembly Cutaway,DAC Worldwide,DAC Sample Boards,https://tech-labs.com/products/downsized-right-angle-spiral-bevel-gear-reducer-cutaway
352,External Gear Pump Dissectible,DAC Worldwide,DAC Worldwide Training Solutions,https://tech-labs.com/products/dual-element-time-delay-fuse-cutaway
353,Fan Balancing Trainer,DAC Worldwide,Chemical Engineering,https://tech-labs.com/products/enhanced-control-valve-dissectible
354,Fan Balancing Training System Plus,DAC Worldwide,DAC Worldwide Training Solutions,https://tech-labs.com/products/extended-dissectible-valve-assortment
355,Fire Tube Boiler Model,DAC Worldwide,DAC Training Systems,https://tech-labs.com/products/extended-plc-trainer
356,Fired Heater Model,DAC Worldwide,DAC Training Systems,https://tech-labs.com/products/extended-vibration-analysis-training-system
357,Fixed Head Bulk Storage Tank Model,DAC Worldwide,Mechanical Drives,https://tech-labs.com/products/extended-wellhead-assembly-cutaway
358,Flange Bolt Torquing,DAC Worldwide,DAC Worldwide Training Solutions,https://tech-labs.com/products/external-gear-pump-dissectible
359,Flange Bolt Torquing Trainer,DAC Worldwide,DAC Training Systems,https://tech-labs.com/products/fan-balancing-trainer
360,Flange Bolt Torquing Training System Plus,DAC Worldwide,DAC Training Systems,https://tech-labs.com/products/fan-balancing-training-system-plus
361,Flange Sample Board,DAC Worldwide,DAC Sample Boards,https://tech-labs.com/products/fire-tube-boiler-model
362,Flare System Model,DAC Worldwide,DAC Cutaways,https://tech-labs.com/products/fired-heater-model
363,Floating Ball Valve Cutaway,DAC Worldwide,DAC Worldwide Training Solutions,https://tech-labs.com/products/fixed-head-bulk-storage-tank-model
364,Floating Head Bulk Storage Tank Model,DAC Worldwide,DAC Cutaways,https://tech-labs.com/products/flange-bolt-torquing
365,Flow of Fluids Unit (Continuous Reactors),DAC Worldwide,Mechanical Drives,https://tech-labs.com/products/flange-bolt-torquing-trainer
366,Fluid Coupling Cutaway,DAC Worldwide,DAC Cutaways,https://tech-labs.com/products/flange-bolt-torquing-training-system-plus
367,Fluid Coupling Replica,DAC Worldwide,DAC Worldwide Training Solutions,https://tech-labs.com/products/flange-sample-board
368,Fuse Sample Board,DAC Worldwide,Mechanical Drives,https://tech-labs.com/products/flare-system-model
369,Gas Turbine Model,DAC Worldwide,Mechanical Drives,https://tech-labs.com/products/floating-ball-valve-cutaway
370,Gas-Liquid Absorption,DAC Worldwide,DAC Models,https://tech-labs.com/products/floating-head-bulk-storage-tank-model
371,Gate Valve Dissectible,DAC Worldwide,DAC Cutaways,https://tech-labs.com/products/flow-fluids-unit-continuous-reactors
372,Gear Maintenance Training System,DAC Worldwide,DAC Training Systems,https://tech-labs.com/products/fluid-coupling-cutaway
373,Gear Maintenance Training System Plus,DAC Worldwide,DAC Training Systems,https://tech-labs.com/products/fluid-coupling-replica
374,Gear Sample Board,DAC Worldwide,DAC Models,https://tech-labs.com/products/fuse-sample-board
375,Hammer Union Cutaway,DAC Worldwide,DAC Worldwide Training Solutions,https://tech-labs.com/products/gas-turbine-model
376,Heat Exchanger Maintenance Training System,DAC Worldwide,DAC Worldwide Training Solutions,https://tech-labs.com/products/gas-liquid-absorption
377,Heat Exchanger Process Control Trainer,DAC Worldwide,DAC Worldwide Training Solutions,https://tech-labs.com/products/gate-valve-dissectible
378,Hose and Coupling Sample Board,DAC Worldwide,DAC Worldwide Training Solutions,https://tech-labs.com/products/gear-maintenance-training-system
379,Hydraulic Component Cutaway Set,DAC Worldwide,DAC Training Systems,https://tech-labs.com/products/gear-maintenance-training-system-plus
380,Hydraulic Diaphragm Pump Dissectible,DAC Worldwide,DAC Worldwide Training Solutions,https://tech-labs.com/products/gear-sample-board
381,Hydraulic Manual Flow Control Valve Cutaway,DAC Worldwide,DAC Worldwide Training Solutions,https://tech-labs.com/products/hammer-union-cutaway
382,In-Line Friction-Type Pneumatic Clutch Cutaway,DAC Worldwide,DAC Worldwide Training Solutions,https://tech-labs.com/products/heat-exchanger-maintenance-training-system
383,In-Line Helical Gear Reducer Cutaway,DAC Worldwide,Safety Trainers,https://tech-labs.com/products/heat-exchanger-process-control-trainer
384,In-Line Helical Gear Reducer Dissectible,DAC Worldwide,DAC Worldwide Training Solutions,https://tech-labs.com/products/hose-and-coupling-sample-board
385,In-Line Multiple-Reduction Helical Gear Reducer Cutaway,DAC Worldwide,DAC Worldwide Training Solutions,https://tech-labs.com/products/hydraulic-component-cutaway-set
386,In-Line Planetary Gear Reducer Cutaway,DAC Worldwide,DAC Cutaways,https://tech-labs.com/products/hydraulic-diaphragm-pump-dissectible
387,Induced Draft Cooling Tower Model,DAC Worldwide,Mechanical Drives,https://tech-labs.com/products/hydraulic-manual-flow-control-valve-cutaway
388,Industrial Circuit Breaker Cutaway,DAC Worldwide,DAC Worldwide Training Solutions,https://tech-labs.com/products/line-friction-type-pneumatic-clutch-cutaway
389,Journal and Fluid-Film Bearing Trainer,DAC Worldwide,DAC Training Systems,https://tech-labs.com/products/line-helical-gear-reducer-cutaway
390,Journal and Fluid-Film Bearing Training System Plus,DAC Worldwide,DAC Training Systems,https://tech-labs.com/products/line-helical-gear-reducer-dissectible
391,Kettle Type Reboiler Heat Exchanger Training Model,DAC Worldwide,DAC Models,https://tech-labs.com/products/line-multiple-reduction-helical-gear-reducer-cutaway
392,Kingsbury Thrust Bearing Model,DAC Worldwide,DAC Models,https://tech-labs.com/products/line-planetary-gear-reducer-cutaway
393,Lease Automatic Custody Transfer (LACT) Component Cutaway & Demonstration Package,DAC Worldwide,DAC Worldwide Training Solutions,https://tech-labs.com/products/induced-draft-cooling-tower-model
394,Lever-Operated Dump Valve Cutaway,DAC Worldwide,DAC Cutaways,https://tech-labs.com/products/industrial-circuit-breaker-cutaway
395,"Lift Check Valve Cutaway, Oilfield-Type",DAC Worldwide,DAC Worldwide Training Solutions,https://tech-labs.com/products/journal-and-fluid-film-bearing-trainer
396,Linear Drives Training System,DAC Worldwide,DAC Worldwide Training Solutions,https://tech-labs.com/products/journal-and-fluid-film-bearing-training-system-plus
397,Liquid Level Gauge Sample Dissectible,DAC Worldwide,DAC Worldwide Training Solutions,https://tech-labs.com/products/kettle-type-reboiler-heat-exchanger-training-model
398,LNG Spherical Storage Tank Model,DAC Worldwide,DAC Worldwide Training Solutions,https://tech-labs.com/products/kingsbury-thrust-bearing-model
399,Lobe Pump Dissectible,DAC Worldwide,DAC Worldwide Training Solutions,https://tech-labs.com/products/lease-automatic-custody-transfer-lact-component-cutaway-demonstration-package
400,Lock-Out/Tag-Out Training System,DAC Worldwide,DAC Worldwide Training Solutions,https://tech-labs.com/products/lever-operated-dump-valve-cutaway
401,Low-Temperature Separator Model,DAC Worldwide,DAC Worldwide Training Solutions,https://tech-labs.com/products/lift-check-valve-cutaway-oilfield-type
402,Magnetic Drive Centrifugal Pump Dissectible,DAC Worldwide,DAC Cutaways,https://tech-labs.com/products/linear-drives-training-system
403,Magnetic Motor Starter Cutaway,DAC Worldwide,DAC Training Systems,https://tech-labs.com/products/liquid-level-gauge-sample-dissectible
404,Mechanical Fasteners Sample Board,DAC Worldwide,DAC Worldwide Training Solutions,https://tech-labs.com/products/lng-spherical-storage-tank-model
405,Mechanical Speed Variator Dissectible,DAC Worldwide,DAC Sample Boards,https://tech-labs.com/products/lobe-pump-dissectible
406,Motor Load Option,DAC Worldwide,DAC Worldwide Training Solutions,https://tech-labs.com/products/lock-outtag-out-training-system
407,Motorized Multi-Turn Valve Actuator Training,DAC Worldwide,DAC Worldwide Training Solutions,https://tech-labs.com/products/low-temperature-separator-model
408,Multi-Pass Fixed Tube Sheet Heat Exchanger Training Model,DAC Worldwide,Mechanical Drives,https://tech-labs.com/products/magnetic-drive-centrifugal-pump-dissectible
409,Multi-Pass Floating Head Heat Exchanger Training Model,DAC Worldwide,DAC Worldwide Training Solutions,https://tech-labs.com/products/magnetic-motor-starter-cutaway
410,"Multi-Stage, Split Case Pump Dissectible",DAC Worldwide,DAC Models,https://tech-labs.com/products/mechanical-fasteners-sample-board
411,Offset In-Line Helical Gear Reducer Cutaway,DAC Worldwide,DAC Cutaways,https://tech-labs.com/products/mechanical-speed-variator-dissectible
412,Offset In-Line Helical Gear Reducer Dissectible,DAC Worldwide,DAC Worldwide Training Solutions,https://tech-labs.com/products/motor-load-option
413,Oil Field Pressure Gauge Cutaway,DAC Worldwide,DAC Worldwide Training Solutions,https://tech-labs.com/products/motorized-multi-turn-valve-actuator-training
414,Oil Field Relief Valve Cutaway,DAC Worldwide,DAC Worldwide Training Solutions,https://tech-labs.com/products/multi-pass-fixed-tube-sheet-heat-exchanger-training-model
415,Oil Patch Swing Check Valve Cutaway,DAC Worldwide,DAC Worldwide Training Solutions,https://tech-labs.com/products/multi-pass-floating-head-heat-exchanger-training-model
416,Oilfield Backpressure Regulator Cutaway,DAC Worldwide,Dissectibles,https://tech-labs.com/products/multi-stage-split-case-pump-dissectible
417,Oilfield Production Regulator Cutaway (Big Joe),DAC Worldwide,DAC Worldwide Training Solutions,https://tech-labs.com/products/offset-line-helical-gear-reducer-cutaway
418,Parallel-Shaft Helical Gear Reducer Dissectible,DAC Worldwide,Chemical Engineering,https://tech-labs.com/products/offset-line-helical-gear-reducer-dissectible
419,Permanent Magnet DC Motor Cutaway,DAC Worldwide,DAC Sample Boards,https://tech-labs.com/products/oil-field-pressure-gauge-cutaway
420,Permanent Magnet DC Motor Training System,DAC Worldwide,DAC Worldwide Training Solutions,https://tech-labs.com/products/oil-field-relief-valve-cutaway
421,Phillips Cascade Process (LNG) System Training Aid,DAC Worldwide,DAC Worldwide Training Solutions,https://tech-labs.com/products/oil-patch-swing-check-valve-cutaway
422,Piping Component Sample Board,DAC Worldwide,DAC Worldwide Training Solutions,https://tech-labs.com/products/oilfield-backpressure-regulator-cutaway
423,Piping System Model,DAC Worldwide,Mechanical Drives,https://tech-labs.com/products/oilfield-production-regulator-cutaway-big-joe
424,Piston Check Valve Cutaway,DAC Worldwide,DAC Worldwide Training Solutions,https://tech-labs.com/products/parallel-shaft-helical-gear-reducer-dissectible
425,Planetary Gear Reducer Cutaway,DAC Worldwide,Mechanical Drives,https://tech-labs.com/products/permanent-magnet-dc-motor-cutaway
426,Planetary Gear Reducer Dissectible,DAC Worldwide,DAC Worldwide Training Solutions,https://tech-labs.com/products/permanent-magnet-dc-motor-training-system
427,Plate-Type Heat Exchanger Model,DAC Worldwide,DAC Worldwide Training Solutions,https://tech-labs.com/products/phillips-cascade-process-lng-system-training-aid
428,Pneumatic Component Cutaway Set,DAC Worldwide,DAC Worldwide Training Solutions,https://tech-labs.com/products/piping-component-sample-board
429,Pneumatic Level Controller Assembly Cutaway,DAC Worldwide,DAC Worldwide Training Solutions,https://tech-labs.com/products/piping-system-model
430,Pneumatic Level Switch Training Aid,DAC Worldwide,DAC Training Systems,https://tech-labs.com/products/piston-check-valve-cutaway
431,Pneumatic Surface Safety Valve Cutaway,DAC Worldwide,DAC Worldwide Training Solutions,https://tech-labs.com/products/planetary-gear-reducer-cutaway
432,Portable Calibration Training System,DAC Worldwide,DAC Worldwide Training Solutions,https://tech-labs.com/products/planetary-gear-reducer-dissectible
433,Pressure Control Switch Sample Dissectible,DAC Worldwide,Mechanical Drives,https://tech-labs.com/products/plate-type-heat-exchanger-model
434,Pressure Switch Sample Dissectible,DAC Worldwide,DAC Cutaways,https://tech-labs.com/products/pneumatic-component-cutaway-set
435,Pulsed Liquid-Liquid Extraction,DAC Worldwide,DAC Worldwide Training Solutions,https://tech-labs.com/products/pneumatic-level-controller-assembly-cutaway
436,Pump Impeller Sample Board,DAC Worldwide,DAC Cutaways,https://tech-labs.com/products/pneumatic-level-switch-training-aid
437,Pumpjack Model,DAC Worldwide,DAC Cutaways,https://tech-labs.com/products/pneumatic-surface-safety-valve-cutaway
438,Reciprocating Compressor Model,DAC Worldwide,DAC Cutaways,https://tech-labs.com/products/portable-calibration-training-system
439,"Representative Triplex, Plunger Mud Pump Dissectible",DAC Worldwide,DAC Worldwide Training Solutions,https://tech-labs.com/products/pressure-control-switch-sample-dissectible
440,Right Angle Spiral Bevel Gear Reducer Cutaway,DAC Worldwide,DAC Cutaways,https://tech-labs.com/products/pressure-switch-sample-dissectible
441,Right Angle Spiral Bevel Gear Reducer Dissectible,DAC Worldwide,DAC Cutaways,https://tech-labs.com/products/pulsed-liquid-liquid-extraction
442,Right Angle Straight Bevel Gear Reducer Cutaway,DAC Worldwide,DAC Worldwide Training Solutions,https://tech-labs.com/products/pump-impeller-sample-board
443,Right Angle Straight Bevel Gear Reducer Dissectible,DAC Worldwide,Chemical Engineering,https://tech-labs.com/products/pumpjack-model
444,Right Angle Worm Gear Reducer Dissectible,DAC Worldwide,DAC Worldwide Training Solutions,https://tech-labs.com/products/reciprocating-compressor-model
445,Rod Pump Stuffing Box Assembly Replica Model,DAC Worldwide,DAC Worldwide Training Solutions,https://tech-labs.com/products/representative-triplex-plunger-mud-pump-dissectible
446,"Rotary Drilling Bit Replica Set, 9-Piece",DAC Worldwide,DAC Worldwide Training Solutions,https://tech-labs.com/products/right-angle-spiral-bevel-gear-reducer-cutaway
447,Rotary Kiln Maintenance Training System,DAC Worldwide,DAC Worldwide Training Solutions,https://tech-labs.com/products/right-angle-spiral-bevel-gear-reducer-dissectible
448,Screw Pump Dissectible (Imo),DAC Worldwide,DAC Training Systems,https://tech-labs.com/products/right-angle-straight-bevel-gear-reducer-cutaway
449,"Shaft Mounted, Hollow-Shaft Helical Gear Reducer Dissectible",DAC Worldwide,DAC Worldwide Training Solutions,https://tech-labs.com/products/right-angle-straight-bevel-gear-reducer-dissectible
450,"Shaft-Mounted, Hollow-Shaft Helical Gear Reducer Cutaway",DAC Worldwide,DAC Cutaways,https://tech-labs.com/products/right-angle-worm-gear-reducer-dissectible
451,Shunt Wound DC Motor Cutaway,DAC Worldwide,DAC Cutaways,https://tech-labs.com/products/rod-pump-stuffing-box-assembly-replica-model
452,Sight Flow Indicator Sample Dissectible,DAC Worldwide,DAC Cutaways,https://tech-labs.com/products/rotary-drilling-bit-replica-set-9-piece
453,Single Phase Capacitor-Start AC Motor Cutaway,DAC Worldwide,DAC Training Systems,https://tech-labs.com/products/rotary-kiln-maintenance-training-system
454,Single-Phase PSC AC Motor Cutaway,DAC Worldwide,DAC Worldwide Training Solutions,https://tech-labs.com/products/screw-pump-dissectible-imo
455,Single-Phase Transformer Cutaway,DAC Worldwide,DAC Models,https://tech-labs.com/products/shaft-mounted-hollow-shaft-helical-gear-reducer-dissectible
456,Sliding Vane Pump Dissectible,DAC Worldwide,DAC Cutaways,https://tech-labs.com/products/shaft-mounted-hollow-shaft-helical-gear-reducer-cutaway
457,Spherical Roller Bearing Pillow Block Assembly Cutaway,DAC Worldwide,DAC Training Systems,https://tech-labs.com/products/shunt-wound-dc-motor-cutaway
458,Steam Trap Cutaway Assortment,DAC Worldwide,DAC Training Systems,https://tech-labs.com/products/sight-flow-indicator-sample-dissectible
459,Steam Turbine Dissectible,DAC Worldwide,DAC Worldwide Training Solutions,https://tech-labs.com/products/single-phase-capacitor-start-ac-motor-cutaway
460,Stirred Liquid-Liquid Extraction,DAC Worldwide,Mechanical Drives,https://tech-labs.com/products/single-phase-psc-ac-motor-cutaway
461,Submersible Vertical Turbine Pump Dissectible,DAC Worldwide,DAC Worldwide Training Solutions,https://tech-labs.com/products/single-phase-transformer-cutaway
462,Submersible Vertical Turbine Pump Dissectible (Goulds/IR/Durco/Aurora),DAC Worldwide,DAC Training Systems,https://tech-labs.com/products/sliding-vane-pump-dissectible
463,Sucker Rod Pump Model,DAC Worldwide,DAC Training Systems,https://tech-labs.com/products/spherical-roller-bearing-pillow-block-assembly-cutaway
464,Surge Suppressor Model,DAC Worldwide,DAC Worldwide Training Solutions,https://tech-labs.com/products/surge-suppressor-model
465,Temperature Process Control Training System Plus,DAC Worldwide,DAC Training Systems,https://tech-labs.com/products/temperature-process-control-training-system-plus
466,Temperature Regulator Cutaway,DAC Worldwide,DAC Worldwide Training Solutions,https://tech-labs.com/products/temperature-regulator-cutaway
467,Three-Phase Squirrel-Cage AC Motor Cutaway,DAC Worldwide,DAC Cutaways,https://tech-labs.com/products/three-phase-squirrel-cage-ac-motor-cutaway
468,Three-Phase Squirrel-Cage Explosion-Proof AC Motor Cutaway,DAC Worldwide,DAC Cutaways,https://tech-labs.com/products/three-phase-squirrel-cage-explosion-proof-ac-motor-cutaway
469,Three-Phase Transformer Cutaway,DAC Worldwide,DAC Cutaways,https://tech-labs.com/products/three-phase-transformer-cutaway
470,Transformer Connections Training System,DAC Worldwide,DAC Training Systems,https://tech-labs.com/products/transformer-connections-training-system
471,Treater Dump Valve Cutaway,DAC Worldwide,DAC Worldwide Training Solutions,https://tech-labs.com/products/treater-dump-valve-cutaway
472,U-Tube Heat Exchanger Training Model,DAC Worldwide,DAC Models,https://tech-labs.com/products/u-tube-heat-exchanger-training-model
473,Urethane Tire Coupling Cutaway,DAC Worldwide,DAC Cutaways,https://tech-labs.com/products/urethane-tire-coupling-cutaway
474,Valve Packing Training System,DAC Worldwide,DAC Training Systems,https://tech-labs.com/products/valve-packing-training-system
475,Valve Packing Training System Plus,DAC Worldwide,DAC Training Systems,https://tech-labs.com/products/valve-packing-training-system-plus
476,Variable Area Flow Meter Dissectible,DAC Worldwide,DAC Worldwide Training Solutions,https://tech-labs.com/products/variable-area-flow-meter-dissectible
477,Variable Speed Gear Reducer Cutaway,DAC Worldwide,Mechanical Drives,https://tech-labs.com/products/variable-speed-gear-reducer-cutaway
478,Vertical Centrifugal Pump Dissectible,DAC Worldwide,DAC Worldwide Training Solutions,https://tech-labs.com/products/vertical-centrifugal-pump-dissectible
479,Vertical Coupling / Shaft Alignment Training,DAC Worldwide,DAC Training Systems,https://tech-labs.com/products/vertical-coupling-shaft-alignment-training
480,Vertical Coupling Shaft Alignment Training System Plus,DAC Worldwide,DAC Training Systems,https://tech-labs.com/products/vertical-coupling-shaft-alignment-training-system-plus
481,Vertical Cross-Flow Separator Model,DAC Worldwide,DAC Worldwide Training Solutions,https://tech-labs.com/products/vertical-cross-flow-separator-model
482,Vertical Separator Trainer,DAC Worldwide,DAC Training Systems,https://tech-labs.com/products/vertical-separator-trainer
483,Vertical Separator Training System Plus,DAC Worldwide,DAC Training Systems,https://tech-labs.com/products/vertical-separator-training-system-plus
484,Vertical Thermosyphon Reboiler Heat Exchanger Training Model,DAC Worldwide,DAC Models,https://tech-labs.com/products/vertical-thermosyphon-reboiler-heat-exchanger-training-model
485,Vibration Analysis Training System,DAC Worldwide,DAC Training Systems,https://tech-labs.com/products/vibration-analysis-training-system
486,Vibration Analysis Training System Plus,DAC Worldwide,DAC Training Systems,https://tech-labs.com/products/vibration-analysis-training-system-plus
487,Water Tube Boiler Model,DAC Worldwide,DAC Models,https://tech-labs.com/products/water-tube-boiler-model
488,Weld Fault Comparison Kit,DAC Worldwide,DAC Sample Boards,https://tech-labs.com/products/weld-fault-comparison-kit
489,Wellhead Backpressure Regulator Cutaway,DAC Worldwide,DAC Worldwide Training Solutions,https://tech-labs.com/products/wellhead-backpressure-regulator-cutaway
490,Wrap-Spring Clutch Sample,DAC Worldwide,Mechanical Drives,https://tech-labs.com/products/wrap-spring-clutch-sample
491,Vibration Analysis Training System,DAC Worldwide,DAC Training Systems,https://tech-labs.com/products/vibration-analysis-training-system
492,Vibration Analysis Training System Plus,DAC Worldwide,DAC Training Systems,https://tech-labs.com/products/vibration-analysis-training-system-plus
493,Water Tube Boiler Model,DAC Worldwide,DAC Models,https://tech-labs.com/products/water-tube-boiler-model
494,Weld Fault Comparison Kit,DAC Worldwide,DAC Sample Boards,https://tech-labs.com/products/weld-fault-comparison-kit
495,Wellhead Backpressure Regulator Cutaway,DAC Worldwide,DAC Worldwide Training Solutions,https://tech-labs.com/products/wellhead-backpressure-regulator-cutaway
496,Wrap-Spring Clutch Sample,DAC Worldwide,Mechanical Drives,https://tech-labs.com/products/wrap-spring-clutch-sample
