,links,,
20,/products/amatrols-process-control-learning-systems,https://tech-labs.com,https://tech-labs.com/products/amatrols-process-control-learning-systems
21,/products/amatrol%E2%80%99s-smart-factory-tabletop-mechatronics-system,https://tech-labs.com,https://tech-labs.com/products/amatrol%E2%80%99s-smart-factory-tabletop-mechatronics-system
22,/products/skill-boss-comprehensive-assessment,https://tech-labs.com,https://tech-labs.com/products/skill-boss-comprehensive-assessment
23,/products/acdc-electrical-learning-system,https://tech-labs.com,https://tech-labs.com/products/acdc-electrical-learning-system
24,/products/amatrol-agritech,https://tech-labs.com,https://tech-labs.com/products/amatrol-agritech
25,/products/amatrol-ebooks,https://tech-labs.com,https://tech-labs.com/products/amatrol-ebooks
26,/products/amatrol-electric-motor-troubleshooting-learning-system,https://tech-labs.com,https://tech-labs.com/products/amatrol-electric-motor-troubleshooting-learning-system
27,/products/amatrol-high-school-learning-programs,https://tech-labs.com,https://tech-labs.com/products/amatrol-high-school-learning-programs
28,/products/amatrol-level-1-programmable-controllers,https://tech-labs.com,https://tech-labs.com/products/amatrol-level-1-programmable-controllers
29,/products/amatrol-mechatronics-learning-system,https://tech-labs.com,https://tech-labs.com/products/amatrol-mechatronics-learning-system
42,/products/skill-boss-comprehensive-assessment?utm_source=website&utm_medium=vert_ad&utm_campaign=skillboss,https://tech-labs.com,https://tech-labs.com/products/skill-boss-comprehensive-assessment?utm_source=website&utm_medium=vert_ad&utm_campaign=skillboss
48,/products/amatrol-solar-thermal-installation-learning-system,https://tech-labs.com,https://tech-labs.com/products/amatrol-solar-thermal-installation-learning-system
49,/products/amatrols-automation-training-systems,https://tech-labs.com,https://tech-labs.com/products/amatrols-automation-training-systems
50,/products/amatrols-cnc-machine-operator-program,https://tech-labs.com,https://tech-labs.com/products/amatrols-cnc-machine-operator-program
51,/products/amatrols-electrical-training-systems,https://tech-labs.com,https://tech-labs.com/products/amatrols-electrical-training-systems
52,/products/amatrols-fluid-power-training-systems,https://tech-labs.com,https://tech-labs.com/products/amatrols-fluid-power-training-systems
53,/products/amatrols-mechanical-training-systems,https://tech-labs.com,https://tech-labs.com/products/amatrols-mechanical-training-systems
54,/products/amatrols-stem-program,https://tech-labs.com,https://tech-labs.com/products/amatrols-stem-program
55,/products/basic-electrical-machines-learning-system,https://tech-labs.com,https://tech-labs.com/products/basic-electrical-machines-learning-system
56,/products/basic-electrical-machines-learning-system-%E2%80%93-85-mt2,https://tech-labs.com,https://tech-labs.com/products/basic-electrical-machines-learning-system-%E2%80%93-85-mt2
57,/products/basic-hydraulics-learning-system,https://tech-labs.com,https://tech-labs.com/products/basic-hydraulics-learning-system
58,/products/basic-pneumatics-learning-system,https://tech-labs.com,https://tech-labs.com/products/basic-pneumatics-learning-system
59,/products/centrifugal-pump-learning-system,https://tech-labs.com,https://tech-labs.com/products/centrifugal-pump-learning-system
60,/products/electric-relay-control-learning-system,https://tech-labs.com,https://tech-labs.com/products/electric-relay-control-learning-system
61,/products/electro-hydraulics-learning-system,https://tech-labs.com,https://tech-labs.com/products/electro-hydraulics-learning-system
62,/products/level-and-flow-process-control-troubleshooting-learning-system,https://tech-labs.com,https://tech-labs.com/products/level-and-flow-process-control-troubleshooting-learning-system
63,/products/mssc-certified-production-technician,https://tech-labs.com,https://tech-labs.com/products/mssc-certified-production-technician
64,/products/plastics-technology-1-learning-system-injection-molding-training,https://tech-labs.com,https://tech-labs.com/products/plastics-technology-1-learning-system-injection-molding-training
65,/products/plastics-technology-2-learning-system-blow-molding-extrusion-training,https://tech-labs.com,https://tech-labs.com/products/plastics-technology-2-learning-system-blow-molding-extrusion-training
66,/products/portable-ac-motor-drive-learning-system,https://tech-labs.com,https://tech-labs.com/products/portable-ac-motor-drive-learning-system
67,/products/portable-ac-motor-drive-troubleshooting-learning-system,https://tech-labs.com,https://tech-labs.com/products/portable-ac-motor-drive-troubleshooting-learning-system
68,/products/portable-acdc-electrical-learning-system-0,https://tech-labs.com,https://tech-labs.com/products/portable-acdc-electrical-learning-system-0
69,/products/portable-electric-relay-control-learning-system,https://tech-labs.com,https://tech-labs.com/products/portable-electric-relay-control-learning-system
70,/products/portable-electronic-sensors-learning-system,https://tech-labs.com,https://tech-labs.com/products/portable-electronic-sensors-learning-system
71,/products/portable-motor-control-learning-system,https://tech-labs.com,https://tech-labs.com/products/portable-motor-control-learning-system
72,/products/portable-motor-control-troubleshooting-learning-system,https://tech-labs.com,https://tech-labs.com/products/portable-motor-control-troubleshooting-learning-system
73,/products/portable-plc-learning-system-allen-bradley-controllogix,https://tech-labs.com,https://tech-labs.com/products/portable-plc-learning-system-allen-bradley-controllogix
74,/products/portable-plc-troubleshooting-learning-system-0,https://tech-labs.com,https://tech-labs.com/products/portable-plc-troubleshooting-learning-system-0
75,/products/portable-plc-troubleshooting-learning-system-ab-compactlogix,https://tech-labs.com,https://tech-labs.com/products/portable-plc-troubleshooting-learning-system-ab-compactlogix
76,/products/portable-plc-troubleshooting-learning-system-siemens-s7-1200,https://tech-labs.com,https://tech-labs.com/products/portable-plc-troubleshooting-learning-system-siemens-s7-1200
77,/products/portable-pneumatics-learning-system,https://tech-labs.com,https://tech-labs.com/products/portable-pneumatics-learning-system
78,/products/portable-precision-gauging,https://tech-labs.com,https://tech-labs.com/products/portable-precision-gauging
79,/products/refrigerant-recovery-and-charging-learning-systems-r-410a,https://tech-labs.com,https://tech-labs.com/products/refrigerant-recovery-and-charging-learning-systems-r-410a
80,/products/residential-mini-split-heat-pump-learning-system,https://tech-labs.com,https://tech-labs.com/products/residential-mini-split-heat-pump-learning-system
81,/products/snap-gauge,https://tech-labs.com,https://tech-labs.com/products/snap-gauge
82,/products/amatrol-alternative-energy-learning-system,https://tech-labs.com,https://tech-labs.com/products/amatrol-alternative-energy-learning-system
83,/products/amatrol-basic-hydraulic-troubleshooting-learning-system-950-htb1,https://tech-labs.com,https://tech-labs.com/products/amatrol-basic-hydraulic-troubleshooting-learning-system-950-htb1
84,/products/amatrol-e-learning,https://tech-labs.com,https://tech-labs.com/products/amatrol-e-learning
85,/products/amatrol-electrical-wiring-learning-system,https://tech-labs.com,https://tech-labs.com/products/amatrol-electrical-wiring-learning-system
86,/products/amatrol-hydraulic-maintenance-learning-system,https://tech-labs.com,https://tech-labs.com/products/amatrol-hydraulic-maintenance-learning-system
87,/products/amatrol-industrial-soldering-learning-system-85-mt6bb,https://tech-labs.com,https://tech-labs.com/products/amatrol-industrial-soldering-learning-system-85-mt6bb
88,/products/amatrol-portable-hydraulics-training,https://tech-labs.com,https://tech-labs.com/products/amatrol-portable-hydraulics-training
89,/products/amatrol-portable-measurement-tools-learning-system,https://tech-labs.com,https://tech-labs.com/products/amatrol-portable-measurement-tools-learning-system
90,/products/amatrol-portable-mechanical-drives-1-learning-system-990-me1,https://tech-labs.com,https://tech-labs.com/products/amatrol-portable-mechanical-drives-1-learning-system-990-me1
91,/products/amatrol-portable-pneumatics-troubleshooting-learning-system,https://tech-labs.com,https://tech-labs.com/products/amatrol-portable-pneumatics-troubleshooting-learning-system
92,/products/amatrol-portable-power-and-control-electronics-learning-system,https://tech-labs.com,https://tech-labs.com/products/amatrol-portable-power-and-control-electronics-learning-system
93,/products/amatrol-skill-boss-logistics,https://tech-labs.com,https://tech-labs.com/products/amatrol-skill-boss-logistics
94,/products/amatrol-smart-factory-enterprise,https://tech-labs.com,https://tech-labs.com/products/amatrol-smart-factory-enterprise
95,/products/amatrol-solar-pv-troubleshooting-learning-system,https://tech-labs.com,https://tech-labs.com/products/amatrol-solar-pv-troubleshooting-learning-system
96,/products/amatrol-solar-thermal-open-loop-troubleshooting-learning-system,https://tech-labs.com,https://tech-labs.com/products/amatrol-solar-thermal-open-loop-troubleshooting-learning-system
97,/products/amatrol-tabletop-mechatronics,https://tech-labs.com,https://tech-labs.com/products/amatrol-tabletop-mechatronics
98,/products/amatrol-turbine-electric-hub-troubleshooting-learning-system,https://tech-labs.com,https://tech-labs.com/products/amatrol-turbine-electric-hub-troubleshooting-learning-system
99,/products/amatrol-turbine-nacelle-troubleshooting,https://tech-labs.com,https://tech-labs.com/products/amatrol-turbine-nacelle-troubleshooting
100,/products/amatrol-vfdplc-wiring-learning-system-85-mt6ba,https://tech-labs.com,https://tech-labs.com/products/amatrol-vfdplc-wiring-learning-system-85-mt6ba
101,/products/amatrol-virtual-trainers,https://tech-labs.com,https://tech-labs.com/products/amatrol-virtual-trainers
102,/products/amatrol-wind-turbine-generator-control-system,https://tech-labs.com,https://tech-labs.com/products/amatrol-wind-turbine-generator-control-system
103,/products/amatrol-workforce-training-oil-gas-maintenance,https://tech-labs.com,https://tech-labs.com/products/amatrol-workforce-training-oil-gas-maintenance
104,/products/amatrols-electronics-training-systems,https://tech-labs.com,https://tech-labs.com/products/amatrols-electronics-training-systems
105,/products/amatrols-thermal-training-systems,https://tech-labs.com,https://tech-labs.com/products/amatrols-thermal-training-systems
106,/products/amatrols-workplace-effectiveness-training,https://tech-labs.com,https://tech-labs.com/products/amatrols-workplace-effectiveness-training
107,/products/closed-loop-solar-thermal-troubleshooting-training,https://tech-labs.com,https://tech-labs.com/products/closed-loop-solar-thermal-troubleshooting-training
108,/products/electric-motor-control-learning-system,https://tech-labs.com,https://tech-labs.com/products/electric-motor-control-learning-system
109,/products/fanuc-robot-integration-package,https://tech-labs.com,https://tech-labs.com/products/fanuc-robot-integration-package
110,/products/ignite-mastering-manufacturing,https://tech-labs.com,https://tech-labs.com/products/ignite-mastering-manufacturing
111,/products/industrial-workplace-safety-training,https://tech-labs.com,https://tech-labs.com/products/industrial-workplace-safety-training
112,/products/industry-40-fundamentals-i4f,https://tech-labs.com,https://tech-labs.com/products/industry-40-fundamentals-i4f
113,/products/mechanical-drives-learning-systems,https://tech-labs.com,https://tech-labs.com/products/mechanical-drives-learning-systems
114,/products/nims-industrial-technology-maintenance-itm,https://tech-labs.com,https://tech-labs.com/products/nims-industrial-technology-maintenance-itm
115,/products/refrigerant-recovery-and-charging-learning-systems-r-134a,https://tech-labs.com,https://tech-labs.com/products/refrigerant-recovery-and-charging-learning-systems-r-134a
116,/products/residential-heat-pump-troubleshooting-training-system,https://tech-labs.com,https://tech-labs.com/products/residential-heat-pump-troubleshooting-training-system
117,/products/smart-factory-training,https://tech-labs.com,https://tech-labs.com/products/smart-factory-training
118,/products/solar-concepts-learning-system,https://tech-labs.com,https://tech-labs.com/products/solar-concepts-learning-system
119,/products/welding-technology-learning-system,https://tech-labs.com,https://tech-labs.com/products/welding-technology-learning-system
120,/products/wind-concepts-learning-system,https://tech-labs.com,https://tech-labs.com/products/wind-concepts-learning-system
121,,,
122,,,
123,,,
124,,,
125,,,
126,,,
127,,,
128,,,
129,,,
130,,,
131,,,
132,,,
133,,,
134,,,
135,,,
136,,,
137,,,
138,,,
139,,,
140,,,
141,,,
142,,,
143,,,
144,,,
145,,,
146,,,
147,,,
148,,,
149,,,
150,,,
151,,,
152,,,
153,,,
154,,,
155,,,
156,,,
157,,,
158,,,
159,,,
160,,,
161,,,
162,,,
163,,,
164,,,
165,,,
166,,,
167,,,
168,,,
169,,,
170,,,
171,,,
172,,,
173,,,
174,,,
175,,,
176,,,
177,,,
178,,,
179,,,
180,,,
181,,,
182,,,
183,,,
184,,,
185,,,
186,,,
187,,,
188,,,
189,,,
190,,,
191,,,
192,,,
193,,,
194,,,
195,,,
196,,,
197,,,
198,,,
199,,,
200,,,
201,,,
202,,,
203,,,
204,,,
205,,,
206,,,
207,,,
208,,,
209,,,
210,,,
211,,,
212,,,
213,,,
214,,,
215,,,
216,,,
217,,,
218,,,
219,,,
220,,,
221,,,
222,,,
223,,,
224,,,
225,,,
226,,,
227,,,
228,,,
229,,,
230,,,
231,,,
232,,,
233,,,
234,,,
235,,,
236,,,
237,,,
238,,,
239,,,
240,,,
241,,,
242,,,
243,,,
244,,,
245,,,
246,,,
247,,,
248,,,
249,,,
250,,,
251,,,
252,,,
253,,,
254,,,
255,,,
256,,,
257,,,
258,,,
259,,,
260,,,
261,,,
262,,,
263,,,
264,,,
265,,,
266,,,
267,,,
268,,,
269,,,
270,,,
271,,,
272,,,
273,,,
274,,,
275,,,
276,,,
277,,,
278,,,
279,,,
280,,,
281,,,
282,,,
283,,,
284,,,
285,,,
286,,,
287,,,
288,,,
289,,,
290,,,
291,,,
292,,,
293,,,
294,,,
295,,,
296,,,
297,,,
298,,,
299,,,
300,,,
301,,,
302,,,
303,,,
304,,,
305,,,
306,,,
307,,,
308,,,
309,,,
310,,,
311,,,
312,,,
313,,,
314,,,
315,,,
316,,,
317,,,
318,,,
319,,,
320,,,
321,,,
322,,,
323,,,
324,,,
325,,,
326,,,
327,,,
328,,,
329,,,
330,,,
331,,,
332,,,
333,,,
334,,,
335,,,
336,,,
337,,,
338,,,
339,,,
340,,,
341,,,
342,,,
343,,,
344,,,
345,,,
346,,,
347,,,
348,,,
349,,,
350,,,
351,,,
352,,,
353,,,
354,,,
355,,,
356,,,
357,,,
358,,,
359,,,
360,,,
361,,,
362,,,
363,,,
364,,,
365,,,
366,,,
367,,,
368,,,
369,,,
370,,,
371,,,
372,,,
373,,,
374,,,
375,,,
376,,,
377,,,
378,,,
379,,,
380,,,
381,,,
382,,,
383,,,
384,,,
385,,,
386,,,
387,,,
388,,,
389,,,
390,,,
391,,,
392,,,
393,,,
394,,,
395,,,
396,,,
397,,,
398,,,
399,,,
400,,,
401,,,
402,,,
403,,,
404,,,
405,,,
406,,,
407,,,
408,,,
409,,,
410,,,
411,,,
412,,,
413,,,
414,,,
415,,,
416,,,
417,,,
418,,,
419,,,
420,,,
421,,,
422,,,
423,,,
424,,,
425,,,
426,,,
427,,,
428,,,
429,,,
430,,,
431,,,
432,,,
433,,,
434,,,
435,,,
436,,,
437,,,
438,,,
439,,,
440,,,
441,,,
442,,,
443,,,
444,,,
445,,,
446,,,
447,,,
448,,,
449,,,
450,,,
451,,,
452,,,
453,,,
454,,,
455,,,
456,,,
457,,,
458,,,
459,,,
460,,,
461,,,
462,,,
463,,,
464,,,
465,,,
466,,,
467,,,
468,,,
469,,,
470,,,
471,,,
472,,,
473,,,
474,,,
475,,,
476,,,
477,,,
478,,,
479,,,
480,,,
481,,,
482,,,
483,,,
484,,,
485,,,
486,,,
487,,,
488,,,
489,,,
490,,,
491,,,
492,,,
493,,,
494,,,
495,,,
496,,,
497,,,
498,,,
499,,,
500,,,
501,,,
502,,,
503,,,
504,,,
505,,,
506,,,
507,,,
508,,,
509,,,
510,,,
511,,,
512,,,
513,,,
514,,,
515,,,
516,,,
517,,,
518,,,
519,,,
520,,,
521,,,
522,,,
523,,,
524,,,
525,,,
526,,,
527,,,
528,,,
529,,,
530,,,
531,,,
532,,,
533,,,
534,,,
535,,,
536,,,
537,,,
538,,,
539,,,
540,,,
541,,,
542,,,
543,,,
544,,,
545,,,
546,,,
547,,,
548,,,
549,,,
550,,,
551,,,
552,,,
553,,,
554,,,
555,,,
556,,,
557,,,
558,,,
559,,,
560,,,
561,,,
562,,,
563,,,
564,,,
565,,,
566,,,
567,,,
568,,,
569,,,
570,,,
571,,,
572,,,
573,,,
574,,,
575,,,
576,,,
577,,,
578,,,
579,,,
580,,,
581,,,
582,,,
583,,,
584,,,
585,,,
586,,,
587,,,
588,,,
589,,,
590,,,
591,,,
592,,,
593,,,
594,,,
595,,,
596,,,
597,,,
598,,,
599,,,
600,,,
601,,,
602,,,
603,,,
604,,,
605,,,
606,,,
607,,,
608,,,
609,,,
610,,,
611,,,
612,,,
613,,,
614,,,
615,,,
616,,,
617,,,
618,,,
619,,,
620,,,
621,,,
622,,,
623,,,
624,,,
625,,,
626,,,
627,,,
628,,,
629,,,
630,,,
631,,,
632,,,
633,,,
634,,,
635,,,
636,,,
637,,,
638,,,
639,,,
640,,,
641,,,
642,,,
643,,,
644,,,
645,,,
646,,,
647,,,
648,,,
649,,,
650,,,
651,,,
652,,,
653,,,
654,,,
655,,,
656,,,
657,,,
658,,,
659,,,
660,,,
661,,,
662,,,
663,,,
664,,,
665,,,
666,,,
667,,,
668,,,
669,,,
